game,game_name,k,coherence_method,excluded_terms,coherence_cv,selected
jqnn,奇迹暖暖,2,u_mass,100 18 23 42 一下 一个 一天 一套 一样 一次 一点 一直 一起 七年 不了 不会 不到 不能 不行 不要 不过 不错 业主 东西 两个 为了 为什么 为啥 之前 之后 今天 今日 他们 以上 以为 以前 以后 会不会 你们 全部 关注 其他 其实 几个 几天 出席 出来 出现 分享 利剑 到底 包出 原来 参与 又要 双暖 发现 变得 变成 只有 只能 可以 可爱 可能 各位 各种 后面 呜呜 呜呜呜 呵呵 咱们 哇哇 哇塞 哈哈 哈哈哈 哈哈哈哈哈 啊啊啊 啥时 喜欢 嘻嘻 回来 基本 夏日 多少 大家 太好看 奇迹暖暖 女主 她们 好像 好吗 好喜欢 好多 好好 好期待 好看 妈妈 姐妹 姐妹们 它们 完全 宝宝 宝宝们 小说 尤长靖 就是 左右 已经 希望 应该 开始 开心 当天 很多 快乐 怎么 情况 想玩 想看 想要 想问 感觉 成功 我们 我要 或者 所有 打开 拿下 拿到 挺好 挺好看 提升 新生 时候 时间 明天 明显 昨天 是不是 暖暖的新家 更新 最后 最好 最近 有没有 有点 期待 本来 来啦 样子 梁嘉 檀健次 每天 每次 比较 泡泡 泡泡季 游戏 漫画 热巴 然后 牵手 特别 王一博 王源 玫瑰 现在 生育 男主 的话 盛装 直接 看到 看看 看着 真是 真的 真的好 知道 确实 突然 第一次 粉粉 终于 结婚 结束 结果 继续 综艺 而且 能不能 自己 获得 要求 要玩 觉得 记录 评论 话说 起来 超级 越好 越来 越来越 还是 还有 这个 这么 这些 这样 这次 这种 进去 进行 迪丽 那个 那么 重新 问问 问题 需要 非常 高龄 鬼灭 黄金 黑暗 ﻿一些,-18.408192394805546,1
jqnn,奇迹暖暖,3,u_mass,100 18 23 42 一下 一个 一天 一套 一样 一次 一点 一直 一起 七年 不了 不会 不到 不能 不行 不要 不过 不错 业主 东西 两个 为了 为什么 为啥 之前 之后 今天 今日 他们 以上 以为 以前 以后 会不会 你们 全部 关注 其他 其实 几个 几天 出席 出来 出现 分享 利剑 到底 包出 原来 参与 又要 双暖 发现 变得 变成 只有 只能 可以 可爱 可能 各位 各种 后面 呜呜 呜呜呜 呵呵 咱们 哇哇 哇塞 哈哈 哈哈哈 哈哈哈哈哈 啊啊啊 啥时 喜欢 嘻嘻 回来 基本 夏日 多少 大家 太好看 奇迹暖暖 女主 她们 好像 好吗 好喜欢 好多 好好 好期待 好看 妈妈 姐妹 姐妹们 它们 完全 宝宝 宝宝们 小说 尤长靖 就是 左右 已经 希望 应该 开始 开心 当天 很多 快乐 怎么 情况 想玩 想看 想要 想问 感觉 成功 我们 我要 或者 所有 打开 拿下 拿到 挺好 挺好看 提升 新生 时候 时间 明天 明显 昨天 是不是 暖暖的新家 更新 最后 最好 最近 有没有 有点 期待 本来 来啦 样子 梁嘉 檀健次 每天 每次 比较 泡泡 泡泡季 游戏 漫画 热巴 然后 牵手 特别 王一博 王源 玫瑰 现在 生育 男主 的话 盛装 直接 看到 看看 看着 真是 真的 真的好 知道 确实 突然 第一次 粉粉 终于 结婚 结束 结果 继续 综艺 而且 能不能 自己 获得 要求 要玩 觉得 记录 评论 话说 起来 超级 越好 越来 越来越 还是 还有 这个 这么 这些 这样 这次 这种 进去 进行 迪丽 那个 那么 重新 问问 问题 需要 非常 高龄 鬼灭 黄金 黑暗 ﻿一些,-18.583252359221166,0
jqnn,奇迹暖暖,4,u_mass,100 18 23 42 一下 一个 一天 一套 一样 一次 一点 一直 一起 七年 不了 不会 不到 不能 不行 不要 不过 不错 业主 东西 两个 为了 为什么 为啥 之前 之后 今天 今日 他们 以上 以为 以前 以后 会不会 你们 全部 关注 其他 其实 几个 几天 出席 出来 出现 分享 利剑 到底 包出 原来 参与 又要 双暖 发现 变得 变成 只有 只能 可以 可爱 可能 各位 各种 后面 呜呜 呜呜呜 呵呵 咱们 哇哇 哇塞 哈哈 哈哈哈 哈哈哈哈哈 啊啊啊 啥时 喜欢 嘻嘻 回来 基本 夏日 多少 大家 太好看 奇迹暖暖 女主 她们 好像 好吗 好喜欢 好多 好好 好期待 好看 妈妈 姐妹 姐妹们 它们 完全 宝宝 宝宝们 小说 尤长靖 就是 左右 已经 希望 应该 开始 开心 当天 很多 快乐 怎么 情况 想玩 想看 想要 想问 感觉 成功 我们 我要 或者 所有 打开 拿下 拿到 挺好 挺好看 提升 新生 时候 时间 明天 明显 昨天 是不是 暖暖的新家 更新 最后 最好 最近 有没有 有点 期待 本来 来啦 样子 梁嘉 檀健次 每天 每次 比较 泡泡 泡泡季 游戏 漫画 热巴 然后 牵手 特别 王一博 王源 玫瑰 现在 生育 男主 的话 盛装 直接 看到 看看 看着 真是 真的 真的好 知道 确实 突然 第一次 粉粉 终于 结婚 结束 结果 继续 综艺 而且 能不能 自己 获得 要求 要玩 觉得 记录 评论 话说 起来 超级 越好 越来 越来越 还是 还有 这个 这么 这些 这样 这次 这种 进去 进行 迪丽 那个 那么 重新 问问 问题 需要 非常 高龄 鬼灭 黄金 黑暗 ﻿一些,-18.455242131017773,0
wxnn,无限暖暖,2,u_mass,100 18 23 42 一下 一个 一天 一套 一样 一次 一点 一直 一起 七年 不了 不会 不到 不能 不行 不要 不过 不错 业主 东西 两个 为了 为什么 为啥 之前 之后 今天 今日 他们 以上 以为 以前 以后 会不会 你们 全部 关注 其他 其实 几个 几天 出席 出来 出现 分享 利剑 到底 包出 原来 参与 又要 双暖 发现 变得 变成 只有 只能 可以 可爱 可能 各位 各种 后面 呜呜 呜呜呜 呵呵 咱们 哇哇 哇塞 哈哈 哈哈哈 哈哈哈哈哈 啊啊啊 啥时 喜欢 嘻嘻 回来 基本 夏日 多少 大家 太好看 女主 她们 好像 好吗 好喜欢 好多 好好 好期待 好看 妈妈 姐妹 姐妹们 它们 完全 宝宝 宝宝们 小说 尤长靖 就是 左右 已经 希望 应该 开始 开心 当天 很多 快乐 怎么 情况 想玩 想看 想要 想问 感觉 成功 我们 我要 或者 所有 打开 拿下 拿到 挺好 挺好看 提升 新生 无限暖暖 时候 时间 明天 明显 昨天 是不是 暖暖的新家 更新 最后 最好 最近 有没有 有点 期待 本来 来啦 样子 梁嘉 檀健次 每天 每次 比较 泡泡 泡泡季 游戏 漫画 热巴 然后 牵手 特别 王一博 王源 玫瑰 现在 生育 男主 的话 盛装 直接 看到 看看 看着 真是 真的 真的好 知道 确实 突然 第一次 粉粉 终于 结婚 结束 结果 继续 综艺 而且 能不能 自己 获得 要求 要玩 觉得 记录 评论 话说 起来 超级 越好 越来 越来越 还是 还有 这个 这么 这些 这样 这次 这种 进去 进行 迪丽 那个 那么 重新 问问 问题 需要 非常 高龄 鬼灭 黄金 黑暗 ﻿一些,-19.234589001197072,1
wxnn,无限暖暖,3,u_mass,100 18 23 42 一下 一个 一天 一套 一样 一次 一点 一直 一起 七年 不了 不会 不到 不能 不行 不要 不过 不错 业主 东西 两个 为了 为什么 为啥 之前 之后 今天 今日 他们 以上 以为 以前 以后 会不会 你们 全部 关注 其他 其实 几个 几天 出席 出来 出现 分享 利剑 到底 包出 原来 参与 又要 双暖 发现 变得 变成 只有 只能 可以 可爱 可能 各位 各种 后面 呜呜 呜呜呜 呵呵 咱们 哇哇 哇塞 哈哈 哈哈哈 哈哈哈哈哈 啊啊啊 啥时 喜欢 嘻嘻 回来 基本 夏日 多少 大家 太好看 女主 她们 好像 好吗 好喜欢 好多 好好 好期待 好看 妈妈 姐妹 姐妹们 它们 完全 宝宝 宝宝们 小说 尤长靖 就是 左右 已经 希望 应该 开始 开心 当天 很多 快乐 怎么 情况 想玩 想看 想要 想问 感觉 成功 我们 我要 或者 所有 打开 拿下 拿到 挺好 挺好看 提升 新生 无限暖暖 时候 时间 明天 明显 昨天 是不是 暖暖的新家 更新 最后 最好 最近 有没有 有点 期待 本来 来啦 样子 梁嘉 檀健次 每天 每次 比较 泡泡 泡泡季 游戏 漫画 热巴 然后 牵手 特别 王一博 王源 玫瑰 现在 生育 男主 的话 盛装 直接 看到 看看 看着 真是 真的 真的好 知道 确实 突然 第一次 粉粉 终于 结婚 结束 结果 继续 综艺 而且 能不能 自己 获得 要求 要玩 觉得 记录 评论 话说 起来 超级 越好 越来 越来越 还是 还有 这个 这么 这些 这样 这次 这种 进去 进行 迪丽 那个 那么 重新 问问 问题 需要 非常 高龄 鬼灭 黄金 黑暗 ﻿一些,-19.61124561016739,0
yynn,闪耀暖暖,2,u_mass,100 18 23 42 一下 一个 一天 一套 一样 一次 一点 一直 一起 七年 不了 不会 不到 不能 不行 不要 不过 不错 业主 东西 两个 为了 为什么 为啥 之前 之后 今天 今日 他们 以上 以为 以前 以后 会不会 你们 全部 关注 其他 其实 几个 几天 出席 出来 出现 分享 利剑 到底 包出 原来 参与 又要 双暖 发现 变得 变成 只有 只能 可以 可爱 可能 各位 各种 后面 呜呜 呜呜呜 呵呵 咱们 哇哇 哇塞 哈哈 哈哈哈 哈哈哈哈哈 啊啊啊 啥时 喜欢 嘻嘻 回来 基本 夏日 多少 大家 太好看 女主 她们 好像 好吗 好喜欢 好多 好好 好期待 好看 妈妈 姐妹 姐妹们 它们 完全 宝宝 宝宝们 小说 尤长靖 就是 左右 已经 希望 应该 开始 开心 当天 很多 快乐 怎么 情况 想玩 想看 想要 想问 感觉 成功 我们 我要 或者 所有 打开 拿下 拿到 挺好 挺好看 提升 新生 时候 时间 明天 明显 昨天 是不是 暖暖的新家 更新 最后 最好 最近 有没有 有点 期待 本来 来啦 样子 梁嘉 檀健次 每天 每次 比较 泡泡 泡泡季 游戏 漫画 热巴 然后 牵手 特别 王一博 王源 玫瑰 现在 生育 男主 的话 盛装 直接 看到 看看 看着 真是 真的 真的好 知道 确实 突然 第一次 粉粉 终于 结婚 结束 结果 继续 综艺 而且 能不能 自己 获得 要求 要玩 觉得 记录 评论 话说 起来 超级 越好 越来 越来越 还是 还有 这个 这么 这些 这样 这次 这种 进去 进行 迪丽 那个 那么 重新 闪耀暖暖 问问 问题 需要 非常 高龄 鬼灭 黄金 黑暗 ﻿一些,-10.412652875099653,0
yynn,闪耀暖暖,3,u_mass,100 18 23 42 一下 一个 一天 一套 一样 一次 一点 一直 一起 七年 不了 不会 不到 不能 不行 不要 不过 不错 业主 东西 两个 为了 为什么 为啥 之前 之后 今天 今日 他们 以上 以为 以前 以后 会不会 你们 全部 关注 其他 其实 几个 几天 出席 出来 出现 分享 利剑 到底 包出 原来 参与 又要 双暖 发现 变得 变成 只有 只能 可以 可爱 可能 各位 各种 后面 呜呜 呜呜呜 呵呵 咱们 哇哇 哇塞 哈哈 哈哈哈 哈哈哈哈哈 啊啊啊 啥时 喜欢 嘻嘻 回来 基本 夏日 多少 大家 太好看 女主 她们 好像 好吗 好喜欢 好多 好好 好期待 好看 妈妈 姐妹 姐妹们 它们 完全 宝宝 宝宝们 小说 尤长靖 就是 左右 已经 希望 应该 开始 开心 当天 很多 快乐 怎么 情况 想玩 想看 想要 想问 感觉 成功 我们 我要 或者 所有 打开 拿下 拿到 挺好 挺好看 提升 新生 时候 时间 明天 明显 昨天 是不是 暖暖的新家 更新 最后 最好 最近 有没有 有点 期待 本来 来啦 样子 梁嘉 檀健次 每天 每次 比较 泡泡 泡泡季 游戏 漫画 热巴 然后 牵手 特别 王一博 王源 玫瑰 现在 生育 男主 的话 盛装 直接 看到 看看 看着 真是 真的 真的好 知道 确实 突然 第一次 粉粉 终于 结婚 结束 结果 继续 综艺 而且 能不能 自己 获得 要求 要玩 觉得 记录 评论 话说 起来 超级 越好 越来 越来越 还是 还有 这个 这么 这些 这样 这次 这种 进去 进行 迪丽 那个 那么 重新 闪耀暖暖 问问 问题 需要 非常 高龄 鬼灭 黄金 黑暗 ﻿一些,-9.957169266482333,1
yynn,闪耀暖暖,4,u_mass,100 18 23 42 一下 一个 一天 一套 一样 一次 一点 一直 一起 七年 不了 不会 不到 不能 不行 不要 不过 不错 业主 东西 两个 为了 为什么 为啥 之前 之后 今天 今日 他们 以上 以为 以前 以后 会不会 你们 全部 关注 其他 其实 几个 几天 出席 出来 出现 分享 利剑 到底 包出 原来 参与 又要 双暖 发现 变得 变成 只有 只能 可以 可爱 可能 各位 各种 后面 呜呜 呜呜呜 呵呵 咱们 哇哇 哇塞 哈哈 哈哈哈 哈哈哈哈哈 啊啊啊 啥时 喜欢 嘻嘻 回来 基本 夏日 多少 大家 太好看 女主 她们 好像 好吗 好喜欢 好多 好好 好期待 好看 妈妈 姐妹 姐妹们 它们 完全 宝宝 宝宝们 小说 尤长靖 就是 左右 已经 希望 应该 开始 开心 当天 很多 快乐 怎么 情况 想玩 想看 想要 想问 感觉 成功 我们 我要 或者 所有 打开 拿下 拿到 挺好 挺好看 提升 新生 时候 时间 明天 明显 昨天 是不是 暖暖的新家 更新 最后 最好 最近 有没有 有点 期待 本来 来啦 样子 梁嘉 檀健次 每天 每次 比较 泡泡 泡泡季 游戏 漫画 热巴 然后 牵手 特别 王一博 王源 玫瑰 现在 生育 男主 的话 盛装 直接 看到 看看 看着 真是 真的 真的好 知道 确实 突然 第一次 粉粉 终于 结婚 结束 结果 继续 综艺 而且 能不能 自己 获得 要求 要玩 觉得 记录 评论 话说 起来 超级 越好 越来 越来越 还是 还有 这个 这么 这些 这样 这次 这种 进去 进行 迪丽 那个 那么 重新 闪耀暖暖 问问 问题 需要 非常 高龄 鬼灭 黄金 黑暗 ﻿一些,-10.29271040830477,0
yynn,闪耀暖暖,5,u_mass,100 18 23 42 一下 一个 一天 一套 一样 一次 一点 一直 一起 七年 不了 不会 不到 不能 不行 不要 不过 不错 业主 东西 两个 为了 为什么 为啥 之前 之后 今天 今日 他们 以上 以为 以前 以后 会不会 你们 全部 关注 其他 其实 几个 几天 出席 出来 出现 分享 利剑 到底 包出 原来 参与 又要 双暖 发现 变得 变成 只有 只能 可以 可爱 可能 各位 各种 后面 呜呜 呜呜呜 呵呵 咱们 哇哇 哇塞 哈哈 哈哈哈 哈哈哈哈哈 啊啊啊 啥时 喜欢 嘻嘻 回来 基本 夏日 多少 大家 太好看 女主 她们 好像 好吗 好喜欢 好多 好好 好期待 好看 妈妈 姐妹 姐妹们 它们 完全 宝宝 宝宝们 小说 尤长靖 就是 左右 已经 希望 应该 开始 开心 当天 很多 快乐 怎么 情况 想玩 想看 想要 想问 感觉 成功 我们 我要 或者 所有 打开 拿下 拿到 挺好 挺好看 提升 新生 时候 时间 明天 明显 昨天 是不是 暖暖的新家 更新 最后 最好 最近 有没有 有点 期待 本来 来啦 样子 梁嘉 檀健次 每天 每次 比较 泡泡 泡泡季 游戏 漫画 热巴 然后 牵手 特别 王一博 王源 玫瑰 现在 生育 男主 的话 盛装 直接 看到 看看 看着 真是 真的 真的好 知道 确实 突然 第一次 粉粉 终于 结婚 结束 结果 继续 综艺 而且 能不能 自己 获得 要求 要玩 觉得 记录 评论 话说 起来 超级 越好 越来 越来越 还是 还有 这个 这么 这些 这样 这次 这种 进去 进行 迪丽 那个 那么 重新 闪耀暖暖 问问 问题 需要 非常 高龄 鬼灭 黄金 黑暗 ﻿一些,-11.114362331271405,0
